avg_xirr,avg_dd,avg_sharpe,avg_trades,avg_win_rate,depth,breadth_mode,breadth_factor,down_days,rvol,trail,hold,label,holdout_xirr,holdout_dd,holdout_sharpe,holdout_trades,holdout_wr,holdout_avg_size,xirr_pct_of_base,dd_improvement,wr_improvement
2491.1,-7.1,6.71,1297.0,59.2,,none,1.0,3,1.5,0.02,10,dNone_none_D3_R1.5_T0.02_H10,1900.5,-10.6,6.68,2222,55.0,1.0,100.0,0.0,0.0
2491.1,-7.1,6.71,1297.0,59.2,,reduce_30-50_1.0,1.0,3,1.5,0.02,10,dNone_reduce_30-50_1.0_D3_R1.5_T0.02_H10,1900.5,-10.6,6.68,2222,55.0,1.0,100.0,0.0,0.0
2415.9,-7.0,6.7,1297.0,59.2,,reduce_30-50_0.8,0.8,3,1.5,0.02,10,dNone_reduce_30-50_0.8_D3_R1.5_T0.02_H10,1744.5,-10.3,6.66,2222,55.0,0.961,91.79163378058406,-0.29999999999999893,0.0
2348.4,-6.9,6.66,1297.0,59.2,,reduce_30-50_0.6,0.6,3,1.5,0.02,10,dNone_reduce_30-50_0.6_D3_R1.5_T0.02_H10,1598.5,-9.9,6.6,2222,55.0,0.921,84.10944488292554,-0.6999999999999993,0.0
2317.2,-6.9,6.64,1297.0,59.2,,reduce_30-50_0.5,0.5,3,1.5,0.02,10,dNone_reduce_30-50_0.5_D3_R1.5_T0.02_H10,1529.1,-9.8,6.56,2222,55.0,0.902,80.45777426992896,-0.7999999999999989,0.0
2287.7,-6.8,6.61,1297.0,59.2,,reduce_30-50_0.4,0.4,3,1.5,0.02,10,dNone_reduce_30-50_0.4_D3_R1.5_T0.02_H10,1461.9,-9.7,6.5,2222,55.0,0.882,76.92186266771903,-0.9000000000000004,0.0
2406.8,-6.7,6.7,1297.0,59.2,,reduce_30-55_0.8,0.8,3,1.5,0.02,10,dNone_reduce_30-55_0.8_D3_R1.5_T0.02_H10,1725.1,-9.4,6.67,2222,55.0,0.949,90.77084977637463,-1.1999999999999993,0.0
2332.1,-6.3,6.67,1297.0,59.2,,reduce_30-55_0.6,0.6,3,1.5,0.02,10,dNone_reduce_30-55_0.6_D3_R1.5_T0.02_H10,1562.5,-8.1,6.62,2222,55.0,0.898,82.2152065245988,-2.5,0.0
2298.1,-6.1,6.64,1297.0,59.2,,reduce_30-55_0.5,0.5,3,1.5,0.02,10,dNone_reduce_30-55_0.5_D3_R1.5_T0.02_H10,1485.7,-7.5,6.57,2222,55.0,0.873,78.17416469350171,-3.0999999999999996,0.0
2266.1,-5.9,6.61,1297.0,59.2,,reduce_30-55_0.4,0.4,3,1.5,0.02,10,dNone_reduce_30-55_0.4_D3_R1.5_T0.02_H10,1411.9,-7.0,6.51,2222,55.0,0.848,74.29097605893188,-3.5999999999999996,0.0
2380.8,-6.7,6.69,1297.0,59.2,,reduce_25-55_0.8,0.8,3,1.5,0.02,10,dNone_reduce_25-55_0.8_D3_R1.5_T0.02_H10,1669.4,-9.2,6.66,2222,55.0,0.941,87.84004209418575,-1.4000000000000004,0.0
2287.6,-6.2,6.65,1297.0,59.2,,reduce_25-55_0.6,0.6,3,1.5,0.02,10,dNone_reduce_25-55_0.6_D3_R1.5_T0.02_H10,1461.8,-7.9,6.58,2222,55.0,0.882,76.91660089450144,-2.6999999999999993,0.0
2246.7,-6.0,6.61,1297.0,59.2,,reduce_25-55_0.5,0.5,3,1.5,0.02,10,dNone_reduce_25-55_0.5_D3_R1.5_T0.02_H10,1366.1,-7.2,6.51,2222,55.0,0.852,71.88108392528282,-3.3999999999999995,0.0
2302.4,-6.8,6.64,1297.0,59.2,,reduce_25-50_0.6,0.6,3,1.5,0.02,10,dNone_reduce_25-50_0.6_D3_R1.5_T0.02_H10,1495.6,-9.7,6.56,2222,55.0,0.905,78.69508024204156,-0.9000000000000004,0.0
2263.7,-6.8,6.61,1297.0,59.2,,reduce_25-50_0.5,0.5,3,1.5,0.02,10,dNone_reduce_25-50_0.5_D3_R1.5_T0.02_H10,1406.2,-9.5,6.5,2222,55.0,0.881,73.99105498553013,-1.0999999999999996,0.0
2184.8,-6.9,6.43,1297.0,54.5,,skip_30-50,0.0,3,1.5,0.02,10,dNone_skip_30-50_D3_R1.5_T0.02_H10,1215.2,-10.0,6.13,2222,45.3,0.803,63.94106813996318,-0.5999999999999996,-9.700000000000003
2156.7,-5.4,6.41,1297.0,53.4,,skip_30-55,0.0,3,1.5,0.02,10,dNone_skip_30-55_D3_R1.5_T0.02_H10,1143.9,-5.5,6.1,2222,43.1,0.746,60.18942383583268,-5.1,-11.899999999999999
1866.2,-7.9,6.52,1267.0,58.7,-0.3,none,1.0,3,1.5,0.02,10,d30_none_D3_R1.5_T0.02_H10,1726.2,-8.5,6.57,2202,54.8,1.0,90.82872928176796,-2.0999999999999996,-0.20000000000000284
1866.2,-7.9,6.52,1267.0,58.7,-0.3,reduce_30-50_1.0,1.0,3,1.5,0.02,10,d30_reduce_30-50_1.0_D3_R1.5_T0.02_H10,1726.2,-8.5,6.57,2202,54.8,1.0,90.82872928176796,-2.0999999999999996,-0.20000000000000284
1796.9,-7.8,6.51,1267.0,58.7,-0.3,reduce_30-50_0.8,0.8,3,1.5,0.02,10,d30_reduce_30-50_0.8_D3_R1.5_T0.02_H10,1586.3,-8.1,6.56,2202,54.8,0.96,83.46750855038148,-2.5,-0.20000000000000284
1734.4,-7.7,6.48,1267.0,58.7,-0.3,reduce_30-50_0.6,0.6,3,1.5,0.02,10,d30_reduce_30-50_0.6_D3_R1.5_T0.02_H10,1455.1,-7.8,6.51,2202,54.8,0.921,76.56406208892396,-2.8,-0.20000000000000284
1705.5,-7.6,6.46,1267.0,58.7,-0.3,reduce_30-50_0.5,0.5,3,1.5,0.02,10,d30_reduce_30-50_0.5_D3_R1.5_T0.02_H10,1392.7,-7.6,6.46,2202,54.8,0.901,73.2807156011576,-3.0,-0.20000000000000284
1678.1,-7.6,6.43,1267.0,58.7,-0.3,reduce_30-50_0.4,0.4,3,1.5,0.02,10,d30_reduce_30-50_0.4_D3_R1.5_T0.02_H10,1332.2,-7.5,6.41,2202,54.8,0.881,70.09734280452513,-3.0999999999999996,-0.20000000000000284
1787.0,-7.7,6.51,1267.0,58.7,-0.3,reduce_30-55_0.8,0.8,3,1.5,0.02,10,d30_reduce_30-55_0.8_D3_R1.5_T0.02_H10,1566.0,-7.7,6.57,2202,54.8,0.949,82.3993685872139,-2.8999999999999995,-0.20000000000000284
1716.8,-7.4,6.48,1267.0,58.7,-0.3,reduce_30-55_0.6,0.6,3,1.5,0.02,10,d30_reduce_30-55_0.6_D3_R1.5_T0.02_H10,1417.4,-6.9,6.52,2202,54.8,0.898,74.58037358589846,-3.6999999999999993,-0.20000000000000284
1684.9,-7.2,6.46,1267.0,58.7,-0.3,reduce_30-55_0.5,0.5,3,1.5,0.02,10,d30_reduce_30-55_0.5_D3_R1.5_T0.02_H10,1347.3,-6.4,6.47,2202,54.8,0.873,70.89187056037885,-4.199999999999999,-0.20000000000000284
1654.9,-7.1,6.42,1267.0,58.7,-0.3,reduce_30-55_0.4,0.4,3,1.5,0.02,10,d30_reduce_30-55_0.4_D3_R1.5_T0.02_H10,1279.8,-6.1,6.4,2202,54.8,0.847,67.34017363851618,-4.5,-0.20000000000000284
1762.6,-7.6,6.51,1267.0,58.7,-0.3,reduce_25-55_0.8,0.8,3,1.5,0.02,10,d30_reduce_25-55_0.8_D3_R1.5_T0.02_H10,1515.1,-7.5,6.56,2202,54.8,0.941,79.72112601946856,-3.0999999999999996,-0.20000000000000284
1675.1,-7.3,6.46,1267.0,58.7,-0.3,reduce_25-55_0.6,0.6,3,1.5,0.02,10,d30_reduce_25-55_0.6_D3_R1.5_T0.02_H10,1325.5,-6.6,6.48,2202,54.8,0.882,69.74480399894765,-4.0,-0.20000000000000284
1636.7,-7.1,6.43,1267.0,58.7,-0.3,reduce_25-55_0.5,0.5,3,1.5,0.02,10,d30_reduce_25-55_0.5_D3_R1.5_T0.02_H10,1238.1,-6.1,6.41,2202,54.8,0.852,65.14601420678768,-4.5,-0.20000000000000284
1691.0,-7.6,6.46,1267.0,58.7,-0.3,reduce_25-50_0.6,0.6,3,1.5,0.02,10,d30_reduce_25-50_0.6_D3_R1.5_T0.02_H10,1360.9,-7.6,6.47,2202,54.8,0.904,71.60747171796896,-3.0,-0.20000000000000284
1655.0,-7.5,6.43,1267.0,58.7,-0.3,reduce_25-50_0.5,0.5,3,1.5,0.02,10,d30_reduce_25-50_0.5_D3_R1.5_T0.02_H10,1280.1,-7.3,6.4,2202,54.8,0.88,67.3559589581689,-3.3,-0.20000000000000284
1582.3,-7.7,6.25,1267.0,54.0,-0.3,skip_30-50,0.0,3,1.5,0.02,10,d30_skip_30-50_D3_R1.5_T0.02_H10,1109.5,-7.9,6.04,2202,45.1,0.802,58.3793738489871,-2.6999999999999993,-9.899999999999999
1552.1,-6.9,6.22,1267.0,52.9,-0.3,skip_30-55,0.0,3,1.5,0.02,10,d30_skip_30-55_D3_R1.5_T0.02_H10,1035.0,-5.5,5.98,2202,42.9,0.746,54.459352801894234,-5.1,-12.100000000000001
2281.7,-7.1,6.67,1297.0,59.1,,none,1.0,3,1.5,0.02,7,dNone_none_D3_R1.5_T0.02_H7,1724.1,-10.6,6.67,2222,55.0,1.0,90.71823204419888,0.0,0.0
2281.7,-7.1,6.67,1297.0,59.1,,reduce_30-50_1.0,1.0,3,1.5,0.02,7,dNone_reduce_30-50_1.0_D3_R1.5_T0.02_H7,1724.1,-10.6,6.67,2222,55.0,1.0,90.71823204419888,0.0,0.0
2209.7,-7.0,6.66,1297.0,59.1,,reduce_30-50_0.8,0.8,3,1.5,0.02,7,dNone_reduce_30-50_0.8_D3_R1.5_T0.02_H7,1581.0,-10.3,6.66,2222,55.0,0.961,83.18863456985004,-0.29999999999999893,0.0
2145.1,-6.9,6.63,1297.0,59.1,,reduce_30-50_0.6,0.6,3,1.5,0.02,7,dNone_reduce_30-50_0.6_D3_R1.5_T0.02_H7,1447.0,-9.9,6.61,2222,55.0,0.921,76.13785845830044,-0.6999999999999993,0.0
2115.3,-6.9,6.6,1297.0,59.1,,reduce_30-50_0.5,0.5,3,1.5,0.02,7,dNone_reduce_30-50_0.5_D3_R1.5_T0.02_H7,1383.3,-9.8,6.56,2222,55.0,0.902,72.78610891870561,-0.7999999999999989,0.0
2087.1,-6.8,6.57,1297.0,59.1,,reduce_30-50_0.4,0.4,3,1.5,0.02,7,dNone_reduce_30-50_0.4_D3_R1.5_T0.02_H7,1321.8,-9.7,6.5,2222,55.0,0.882,69.55011838989739,-0.9000000000000004,0.0
2202.1,-6.7,6.67,1297.0,59.1,,reduce_30-55_0.8,0.8,3,1.5,0.02,7,dNone_reduce_30-55_0.8_D3_R1.5_T0.02_H7,1565.3,-9.4,6.68,2222,55.0,0.949,82.36253617469087,-1.1999999999999993,0.0
2131.4,-6.3,6.64,1297.0,59.1,,reduce_30-55_0.6,0.6,3,1.5,0.02,7,dNone_reduce_30-55_0.6_D3_R1.5_T0.02_H7,1418.0,-8.1,6.63,2222,55.0,0.898,74.6119442252039,-2.5,0.0
2099.2,-6.1,6.61,1297.0,59.1,,reduce_30-55_0.5,0.5,3,1.5,0.02,7,dNone_reduce_30-55_0.5_D3_R1.5_T0.02_H7,1348.4,-7.5,6.58,2222,55.0,0.873,70.94975006577216,-3.0999999999999996,0.0
2068.9,-5.9,6.58,1297.0,59.1,,reduce_30-55_0.4,0.4,3,1.5,0.02,7,dNone_reduce_30-55_0.4_D3_R1.5_T0.02_H7,1281.4,-7.0,6.52,2222,55.0,0.848,67.42436200999737,-3.5999999999999996,0.0
2178.6,-6.7,6.66,1297.0,59.1,,reduce_25-55_0.8,0.8,3,1.5,0.02,7,dNone_reduce_25-55_0.8_D3_R1.5_T0.02_H7,1517.3,-9.3,6.67,2222,55.0,0.941,79.83688503025519,-1.299999999999999,0.0
2091.3,-6.2,6.62,1297.0,59.1,,reduce_25-55_0.6,0.6,3,1.5,0.02,7,dNone_reduce_25-55_0.6_D3_R1.5_T0.02_H7,1331.0,-7.9,6.6,2222,55.0,0.882,70.03420152591423,-2.6999999999999993,0.0
2052.8,-6.0,6.58,1297.0,59.1,,reduce_25-55_0.5,0.5,3,1.5,0.02,7,dNone_reduce_25-55_0.5_D3_R1.5_T0.02_H7,1245.0,-7.2,6.53,2222,55.0,0.852,65.50907655880032,-3.3999999999999995,0.0
2103.8,-6.8,6.61,1297.0,59.1,,reduce_25-50_0.6,0.6,3,1.5,0.02,7,dNone_reduce_25-50_0.6_D3_R1.5_T0.02_H7,1358.4,-9.7,6.57,2222,55.0,0.905,71.47592738752961,-0.9000000000000004,0.0
2067.2,-6.8,6.57,1297.0,59.1,,reduce_25-50_0.5,0.5,3,1.5,0.02,7,dNone_reduce_25-50_0.5_D3_R1.5_T0.02_H7,1277.5,-9.5,6.51,2222,55.0,0.881,67.21915285451196,-1.0999999999999996,0.0
1988.9,-6.9,6.39,1297.0,54.4,,skip_30-50,0.0,3,1.5,0.02,7,dNone_skip_30-50_D3_R1.5_T0.02_H7,1095.8,-10.0,6.12,2222,45.2,0.803,57.65851091817943,-0.5999999999999996,-9.799999999999997
1965.2,-5.4,6.37,1297.0,53.3,,skip_30-55,0.0,3,1.5,0.02,7,dNone_skip_30-55_D3_R1.5_T0.02_H7,1038.2,-5.5,6.09,2222,43.0,0.746,54.62772954485662,-5.1,-12.0
1713.4,-7.9,6.49,1267.0,58.6,-0.3,none,1.0,3,1.5,0.02,7,d30_none_D3_R1.5_T0.02_H7,1565.2,-8.5,6.57,2202,54.8,1.0,82.3572744014733,-2.0999999999999996,-0.20000000000000284
1713.4,-7.9,6.49,1267.0,58.6,-0.3,reduce_30-50_1.0,1.0,3,1.5,0.02,7,d30_reduce_30-50_1.0_D3_R1.5_T0.02_H7,1565.2,-8.5,6.57,2202,54.8,1.0,82.3572744014733,-2.0999999999999996,-0.20000000000000284
1646.9,-7.8,6.48,1267.0,58.6,-0.3,reduce_30-50_0.8,0.8,3,1.5,0.02,7,d30_reduce_30-50_0.8_D3_R1.5_T0.02_H7,1436.8,-8.2,6.57,2202,54.8,0.96,75.60115759010786,-2.4000000000000004,-0.20000000000000284
1587.1,-7.7,6.45,1267.0,58.6,-0.3,reduce_30-50_0.6,0.6,3,1.5,0.02,7,d30_reduce_30-50_0.6_D3_R1.5_T0.02_H7,1316.4,-7.8,6.51,2202,54.8,0.921,69.26598263614838,-2.8,-0.20000000000000284
1559.5,-7.6,6.43,1267.0,58.6,-0.3,reduce_30-50_0.5,0.5,3,1.5,0.02,7,d30_reduce_30-50_0.5_D3_R1.5_T0.02_H7,1259.1,-7.6,6.47,2202,54.8,0.901,66.25098658247829,-3.0,-0.20000000000000284
1533.3,-7.6,6.4,1267.0,58.6,-0.3,reduce_30-50_0.4,0.4,3,1.5,0.02,7,d30_reduce_30-50_0.4_D3_R1.5_T0.02_H7,1203.7,-7.6,6.41,2202,54.8,0.881,63.33596421994212,-3.0,-0.20000000000000284
1638.5,-7.7,6.49,1267.0,58.6,-0.3,reduce_30-55_0.8,0.8,3,1.5,0.02,7,d30_reduce_30-55_0.8_D3_R1.5_T0.02_H7,1420.1,-7.7,6.58,2202,54.8,0.949,74.72244146277295,-2.8999999999999995,-0.20000000000000284
1572.1,-7.4,6.46,1267.0,58.6,-0.3,reduce_30-55_0.6,0.6,3,1.5,0.02,7,d30_reduce_30-55_0.6_D3_R1.5_T0.02_H7,1285.5,-6.9,6.53,2202,54.8,0.898,67.64009471191792,-3.6999999999999993,-0.20000000000000284
1541.9,-7.3,6.43,1267.0,58.6,-0.3,reduce_30-55_0.5,0.5,3,1.5,0.02,7,d30_reduce_30-55_0.5_D3_R1.5_T0.02_H7,1221.9,-6.5,6.48,2202,54.8,0.873,64.29360694554065,-4.1,-0.20000000000000284
1513.4,-7.1,6.4,1267.0,58.6,-0.3,reduce_30-55_0.4,0.4,3,1.5,0.02,7,d30_reduce_30-55_0.4_D3_R1.5_T0.02_H7,1160.7,-6.1,6.41,2202,54.8,0.847,61.07340173638517,-4.5,-0.20000000000000284
1616.5,-7.6,6.48,1267.0,58.6,-0.3,reduce_25-55_0.8,0.8,3,1.5,0.02,7,d30_reduce_25-55_0.8_D3_R1.5_T0.02_H7,1376.2,-7.6,6.57,2202,54.8,0.941,72.41252302025782,-3.0,-0.20000000000000284
1534.5,-7.3,6.44,1267.0,58.6,-0.3,reduce_25-55_0.6,0.6,3,1.5,0.02,7,d30_reduce_25-55_0.6_D3_R1.5_T0.02_H7,1206.1,-6.6,6.5,2202,54.8,0.882,63.4622467771639,-4.0,-0.20000000000000284
1498.3,-7.1,6.4,1267.0,58.6,-0.3,reduce_25-55_0.5,0.5,3,1.5,0.02,7,d30_reduce_25-55_0.5_D3_R1.5_T0.02_H7,1127.6,-6.1,6.43,2202,54.8,0.852,59.33175480136805,-4.5,-0.20000000000000284
1548.2,-7.6,6.43,1267.0,58.6,-0.3,reduce_25-50_0.6,0.6,3,1.5,0.02,7,d30_reduce_25-50_0.6_D3_R1.5_T0.02_H7,1235.2,-7.6,6.48,2202,54.8,0.904,64.99342278347804,-3.0,-0.20000000000000284
1514.1,-7.5,6.4,1267.0,58.6,-0.3,reduce_25-50_0.5,0.5,3,1.5,0.02,7,d30_reduce_25-50_0.5_D3_R1.5_T0.02_H7,1162.1,-7.3,6.42,2202,54.8,0.88,61.147066561431195,-3.3,-0.20000000000000284
1441.9,-7.7,6.22,1267.0,53.9,-0.3,skip_30-50,0.0,3,1.5,0.02,7,d30_skip_30-50_D3_R1.5_T0.02_H7,999.7,-7.9,6.04,2202,45.0,0.802,52.60194685609051,-2.6999999999999993,-10.0
1416.0,-6.9,6.19,1267.0,52.8,-0.3,skip_30-55,0.0,3,1.5,0.02,7,d30_skip_30-55_D3_R1.5_T0.02_H7,938.6,-5.5,5.99,2202,42.8,0.746,49.387003420152595,-5.1,-12.200000000000003
5244.5,-7.1,7.41,1649.0,58.3,,none,1.0,3,1.0,0.02,10,dNone_none_D3_R1.0_T0.02_H10,2782.5,-10.6,7.05,2724,54.3,1.0,146.40883977900552,0.0,-0.7000000000000028
5244.5,-7.1,7.41,1649.0,58.3,,reduce_30-50_1.0,1.0,3,1.0,0.02,10,dNone_reduce_30-50_1.0_D3_R1.0_T0.02_H10,2782.5,-10.6,7.05,2724,54.3,1.0,146.40883977900552,0.0,-0.7000000000000028
5120.1,-7.0,7.4,1649.0,58.3,,reduce_30-50_0.8,0.8,3,1.0,0.02,10,dNone_reduce_30-50_0.8_D3_R1.0_T0.02_H10,2540.5,-10.2,7.04,2724,54.3,0.963,133.67534859247567,-0.40000000000000036,-0.7000000000000028
5009.3,-6.8,7.37,1649.0,58.3,,reduce_30-50_0.6,0.6,3,1.0,0.02,10,dNone_reduce_30-50_0.6_D3_R1.0_T0.02_H10,2315.2,-9.7,6.99,2724,54.3,0.925,121.82057353328071,-0.9000000000000004,-0.7000000000000028
4958.5,-6.7,7.34,1649.0,58.3,,reduce_30-50_0.5,0.5,3,1.0,0.02,10,dNone_reduce_30-50_0.5_D3_R1.0_T0.02_H10,2208.5,-9.4,6.94,2724,54.3,0.907,116.20626151012891,-1.1999999999999993,-0.7000000000000028
4910.7,-6.7,7.31,1649.0,58.3,,reduce_30-50_0.4,0.4,3,1.0,0.02,10,dNone_reduce_30-50_0.4_D3_R1.0_T0.02_H10,2105.6,-9.4,6.88,2724,54.3,0.888,110.79189686924494,-1.1999999999999993,-0.7000000000000028
5083.9,-6.7,7.4,1649.0,58.3,,reduce_30-55_0.8,0.8,3,1.0,0.02,10,dNone_reduce_30-55_0.8_D3_R1.0_T0.02_H10,2468.0,-9.4,7.06,2724,54.3,0.952,129.86056300973428,-1.1999999999999993,-0.7000000000000028
4946.6,-6.3,7.37,1649.0,58.3,,reduce_30-55_0.6,0.6,3,1.0,0.02,10,dNone_reduce_30-55_0.6_D3_R1.0_T0.02_H10,2183.0,-8.2,7.01,2724,54.3,0.904,114.86450933964747,-2.4000000000000004,-0.7000000000000028
4885.7,-6.1,7.34,1649.0,58.3,,reduce_30-55_0.5,0.5,3,1.0,0.02,10,dNone_reduce_30-55_0.5_D3_R1.0_T0.02_H10,2050.8,-7.6,6.96,2724,54.3,0.88,107.9084451460142,-3.0,-0.7000000000000028
4829.5,-5.9,7.3,1649.0,58.3,,reduce_30-55_0.4,0.4,3,1.0,0.02,10,dNone_reduce_30-55_0.4_D3_R1.0_T0.02_H10,1925.1,-7.0,6.88,2724,54.3,0.856,101.29439621152328,-3.5999999999999996,-0.7000000000000028
5033.0,-6.7,7.42,1649.0,58.3,,reduce_25-55_0.8,0.8,3,1.0,0.02,10,dNone_reduce_25-55_0.8_D3_R1.0_T0.02_H10,2364.3,-9.3,7.11,2724,54.3,0.944,124.40410418310972,-1.299999999999999,-0.7000000000000028
4863.0,-6.3,7.38,1649.0,58.3,,reduce_25-55_0.6,0.6,3,1.0,0.02,10,dNone_reduce_25-55_0.6_D3_R1.0_T0.02_H10,2000.5,-8.0,7.08,2724,54.3,0.889,105.26177321757433,-2.5999999999999996,-0.7000000000000028
4791.1,-6.0,7.35,1649.0,58.3,,reduce_25-55_0.5,0.5,3,1.0,0.02,10,dNone_reduce_25-55_0.5_D3_R1.0_T0.02_H10,1837.0,-7.3,7.02,2724,54.3,0.861,96.6587740068403,-3.3,-0.7000000000000028
4918.3,-6.7,7.38,1649.0,58.3,,reduce_25-50_0.6,0.6,3,1.0,0.02,10,dNone_reduce_25-50_0.6_D3_R1.0_T0.02_H10,2122.1,-9.4,7.05,2724,54.3,0.91,111.6600894501447,-1.1999999999999993,-0.7000000000000028
4853.4,-6.6,7.35,1649.0,58.3,,reduce_25-50_0.5,0.5,3,1.0,0.02,10,dNone_reduce_25-50_0.5_D3_R1.0_T0.02_H10,1979.0,-9.1,7.0,2724,54.3,0.888,104.13049197579585,-1.5,-0.7000000000000028
4745.9,-7.1,7.13,1649.0,53.9,,skip_30-50,0.0,3,1.0,0.02,10,dNone_skip_30-50_D3_R1.0_T0.02_H10,1730.4,-10.5,6.51,2724,45.3,0.814,91.04972375690609,-0.09999999999999964,-9.700000000000003
4645.7,-5.7,7.06,1649.0,52.8,,skip_30-55,0.0,3,1.0,0.02,10,dNone_skip_30-55_D3_R1.0_T0.02_H10,1482.5,-6.3,6.38,2724,43.0,0.76,78.00578795053933,-4.3,-12.0
4210.0,-6.7,7.21,1621.0,57.8,-0.3,none,1.0,3,1.0,0.02,10,d30_none_D3_R1.0_T0.02_H10,2420.4,-8.5,6.91,2704,54.0,1.0,127.35595895816891,-2.0999999999999996,-1.0
4210.0,-6.7,7.21,1621.0,57.8,-0.3,reduce_30-50_1.0,1.0,3,1.0,0.02,10,d30_reduce_30-50_1.0_D3_R1.0_T0.02_H10,2420.4,-8.5,6.91,2704,54.0,1.0,127.35595895816891,-2.0999999999999996,-1.0
4102.8,-6.6,7.2,1621.0,57.8,-0.3,reduce_30-50_0.8,0.8,3,1.0,0.02,10,d30_reduce_30-50_0.8_D3_R1.0_T0.02_H10,2211.9,-8.0,6.92,2704,54.0,0.962,116.38516179952644,-2.5999999999999996,-1.0
4007.0,-6.4,7.16,1621.0,57.8,-0.3,reduce_30-50_0.6,0.6,3,1.0,0.02,10,d30_reduce_30-50_0.6_D3_R1.0_T0.02_H10,2017.4,-7.6,6.87,2704,54.0,0.925,106.1510128913444,-3.0,-1.0
3963.1,-6.3,7.14,1621.0,57.8,-0.3,reduce_30-50_0.5,0.5,3,1.0,0.02,10,d30_reduce_30-50_0.5_D3_R1.0_T0.02_H10,1925.1,-7.3,6.82,2704,54.0,0.906,101.29439621152328,-3.3,-1.0
3921.7,-6.3,7.11,1621.0,57.8,-0.3,reduce_30-50_0.4,0.4,3,1.0,0.02,10,d30_reduce_30-50_0.4_D3_R1.0_T0.02_H10,1836.2,-7.3,6.77,2704,54.0,0.887,96.61667982109972,-3.3,-1.0
4069.3,-6.5,7.2,1621.0,57.8,-0.3,reduce_30-55_0.8,0.8,3,1.0,0.02,10,d30_reduce_30-55_0.8_D3_R1.0_T0.02_H10,2144.9,-7.7,6.93,2704,54.0,0.952,112.85977374375165,-2.8999999999999995,-1.0
3949.1,-6.2,7.16,1621.0,57.8,-0.3,reduce_30-55_0.6,0.6,3,1.0,0.02,10,d30_reduce_30-55_0.6_D3_R1.0_T0.02_H10,1895.2,-6.9,6.88,2704,54.0,0.903,99.72112601946857,-3.6999999999999993,-1.0
3895.8,-6.1,7.13,1621.0,57.8,-0.3,reduce_30-55_0.5,0.5,3,1.0,0.02,10,d30_reduce_30-55_0.5_D3_R1.0_T0.02_H10,1779.5,-6.5,6.83,2704,54.0,0.879,93.63325440673506,-4.1,-1.0
3846.6,-6.0,7.09,1621.0,57.8,-0.3,reduce_30-55_0.4,0.4,3,1.0,0.02,10,d30_reduce_30-55_0.4_D3_R1.0_T0.02_H10,1669.4,-6.3,6.75,2704,54.0,0.855,87.84004209418575,-4.3,-1.0
4024.9,-6.4,7.21,1621.0,57.8,-0.3,reduce_25-55_0.8,0.8,3,1.0,0.02,10,d30_reduce_25-55_0.8_D3_R1.0_T0.02_H10,2054.3,-7.6,6.98,2704,54.0,0.944,108.09260720862932,-3.0,-1.0
3876.1,-6.1,7.18,1621.0,57.8,-0.3,reduce_25-55_0.6,0.6,3,1.0,0.02,10,d30_reduce_25-55_0.6_D3_R1.0_T0.02_H10,1735.7,-6.7,6.96,2704,54.0,0.888,91.32859773743752,-3.8999999999999995,-1.0
3813.2,-6.0,7.15,1621.0,57.8,-0.3,reduce_25-55_0.5,0.5,3,1.0,0.02,10,d30_reduce_25-55_0.5_D3_R1.0_T0.02_H10,1592.6,-6.3,6.9,2704,54.0,0.86,83.79900026308866,-4.3,-1.0
3927.2,-6.3,7.18,1621.0,57.8,-0.3,reduce_25-50_0.6,0.6,3,1.0,0.02,10,d30_reduce_25-50_0.6_D3_R1.0_T0.02_H10,1848.1,-7.3,6.93,2704,54.0,0.91,97.24283083399105,-3.3,-1.0
3870.7,-6.2,7.15,1621.0,57.8,-0.3,reduce_25-50_0.5,0.5,3,1.0,0.02,10,d30_reduce_25-50_0.5_D3_R1.0_T0.02_H10,1723.8,-7.0,6.88,2704,54.0,0.887,90.70244672454618,-3.5999999999999996,-1.0
3778.4,-6.7,6.93,1621.0,53.4,-0.3,skip_30-50,0.0,3,1.0,0.02,10,d30_skip_30-50_D3_R1.0_T0.02_H10,1511.0,-8.4,6.39,2704,45.0,0.812,79.50539331754801,-2.1999999999999993,-10.0
3685.8,-6.0,6.85,1621.0,52.3,-0.3,skip_30-55,0.0,3,1.0,0.02,10,d30_skip_30-55_D3_R1.0_T0.02_H10,1282.0,-6.3,6.25,2704,42.8,0.759,67.45593264930282,-4.3,-12.200000000000003
4747.9,-7.2,7.4,1649.0,58.2,,none,1.0,3,1.0,0.02,7,dNone_none_D3_R1.0_T0.02_H7,2503.6,-10.7,6.98,2724,54.3,1.0,131.73375427519073,0.09999999999999964,-0.7000000000000028
4747.9,-7.2,7.4,1649.0,58.2,,reduce_30-50_1.0,1.0,3,1.0,0.02,7,dNone_reduce_30-50_1.0_D3_R1.0_T0.02_H7,2503.6,-10.7,6.98,2724,54.3,1.0,131.73375427519073,0.09999999999999964,-0.7000000000000028
4632.7,-7.0,7.39,1649.0,58.2,,reduce_30-50_0.8,0.8,3,1.0,0.02,7,dNone_reduce_30-50_0.8_D3_R1.0_T0.02_H7,2285.2,-10.2,6.98,2724,54.3,0.963,120.24204156800842,-0.40000000000000036,-0.7000000000000028
4529.9,-6.8,7.36,1649.0,58.2,,reduce_30-50_0.6,0.6,3,1.0,0.02,7,dNone_reduce_30-50_0.6_D3_R1.0_T0.02_H7,2081.8,-9.7,6.93,2724,54.3,0.925,109.53959484346225,-0.9000000000000004,-0.7000000000000028
4482.9,-6.8,7.33,1649.0,58.2,,reduce_30-50_0.5,0.5,3,1.0,0.02,7,dNone_reduce_30-50_0.5_D3_R1.0_T0.02_H7,1985.4,-9.5,6.89,2724,54.3,0.907,104.46724546172061,-1.0999999999999996,-0.7000000000000028
4438.5,-6.7,7.3,1649.0,58.2,,reduce_30-50_0.4,0.4,3,1.0,0.02,7,dNone_reduce_30-50_0.4_D3_R1.0_T0.02_H7,1892.5,-9.4,6.83,2724,54.3,0.888,99.57905814259405,-1.1999999999999993,-0.7000000000000028
4601.5,-6.7,7.4,1649.0,58.2,,reduce_30-55_0.8,0.8,3,1.0,0.02,7,dNone_reduce_30-55_0.8_D3_R1.0_T0.02_H7,2224.5,-9.4,7.0,2724,54.3,0.952,117.0481452249408,-1.1999999999999993,-0.7000000000000028
4475.9,-6.3,7.36,1649.0,58.2,,reduce_30-55_0.6,0.6,3,1.0,0.02,7,dNone_reduce_30-55_0.6_D3_R1.0_T0.02_H7,1970.9,-8.2,6.96,2724,54.3,0.904,103.70428834517233,-2.4000000000000004,-0.7000000000000028
4420.0,-6.1,7.33,1649.0,58.2,,reduce_30-55_0.5,0.5,3,1.0,0.02,7,dNone_reduce_30-55_0.5_D3_R1.0_T0.02_H7,1853.1,-7.6,6.91,2724,54.3,0.88,97.50591949486976,-3.0,-0.7000000000000028
4368.4,-5.9,7.29,1649.0,58.2,,reduce_30-55_0.4,0.4,3,1.0,0.02,7,dNone_reduce_30-55_0.4_D3_R1.0_T0.02_H7,1741.0,-7.0,6.83,2724,54.3,0.856,91.60747171796896,-3.5999999999999996,-0.7000000000000028
4556.1,-6.7,7.41,1649.0,58.2,,reduce_25-55_0.8,0.8,3,1.0,0.02,7,dNone_reduce_25-55_0.8_D3_R1.0_T0.02_H7,2134.5,-9.3,7.05,2724,54.3,0.944,112.31254932912391,-1.299999999999999,-0.7000000000000028
4400.9,-6.3,7.38,1649.0,58.2,,reduce_25-55_0.6,0.6,3,1.0,0.02,7,dNone_reduce_25-55_0.6_D3_R1.0_T0.02_H7,1812.0,-8.0,7.04,2724,54.3,0.889,95.34333070244672,-2.5999999999999996,-0.7000000000000028
4335.0,-6.0,7.35,1649.0,58.2,,reduce_25-55_0.5,0.5,3,1.0,0.02,7,dNone_reduce_25-55_0.5_D3_R1.0_T0.02_H7,1666.7,-7.3,6.99,2724,54.3,0.861,87.69797421731124,-3.3,-0.7000000000000028
4448.9,-6.7,7.38,1649.0,58.2,,reduce_25-50_0.6,0.6,3,1.0,0.02,7,dNone_reduce_25-50_0.6_D3_R1.0_T0.02_H7,1914.4,-9.4,7.0,2724,54.3,0.91,100.73138647724285,-1.1999999999999993,-0.7000000000000028
4389.1,-6.6,7.35,1649.0,58.2,,reduce_25-50_0.5,0.5,3,1.0,0.02,7,dNone_reduce_25-50_0.5_D3_R1.0_T0.02_H7,1786.3,-9.1,6.95,2724,54.3,0.888,93.99105498553013,-1.5,-0.7000000000000028
4285.6,-7.1,7.12,1649.0,53.8,,skip_30-50,0.0,3,1.0,0.02,7,dNone_skip_30-50_D3_R1.0_T0.02_H7,1553.8,-10.5,6.45,2724,45.2,0.814,81.75743225466982,-0.09999999999999964,-9.799999999999997
4198.8,-5.6,7.06,1649.0,52.7,,skip_30-55,0.0,3,1.0,0.02,7,dNone_skip_30-55_D3_R1.0_T0.02_H7,1345.1,-6.1,6.34,2724,43.0,0.76,70.77611154959222,-4.5,-12.0
3812.1,-6.8,7.21,1621.0,57.7,-0.3,none,1.0,3,1.0,0.02,7,d30_none_D3_R1.0_T0.02_H7,2176.6,-8.6,6.85,2704,54.0,1.0,114.5277558537227,-2.0,-1.0
3812.1,-6.8,7.21,1621.0,57.7,-0.3,reduce_30-50_1.0,1.0,3,1.0,0.02,7,d30_reduce_30-50_1.0_D3_R1.0_T0.02_H7,2176.6,-8.6,6.85,2704,54.0,1.0,114.5277558537227,-2.0,-1.0
3712.7,-6.6,7.2,1621.0,57.7,-0.3,reduce_30-50_0.8,0.8,3,1.0,0.02,7,d30_reduce_30-50_0.8_D3_R1.0_T0.02_H7,1988.3,-8.1,6.86,2704,54.0,0.962,104.61983688503025,-2.5,-1.0
3623.9,-6.4,7.17,1621.0,57.7,-0.3,reduce_30-50_0.6,0.6,3,1.0,0.02,7,d30_reduce_30-50_0.6_D3_R1.0_T0.02_H7,1812.7,-7.6,6.81,2704,54.0,0.925,95.38016311496975,-3.0,-1.0
3583.2,-6.3,7.14,1621.0,57.7,-0.3,reduce_30-50_0.5,0.5,3,1.0,0.02,7,d30_reduce_30-50_0.5_D3_R1.0_T0.02_H7,1729.5,-7.3,6.77,2704,54.0,0.906,91.00236779794791,-3.3,-1.0
3544.8,-6.3,7.11,1621.0,57.7,-0.3,reduce_30-50_0.4,0.4,3,1.0,0.02,7,d30_reduce_30-50_0.4_D3_R1.0_T0.02_H7,1649.1,-7.3,6.71,2704,54.0,0.887,86.77190213101815,-3.3,-1.0
3683.8,-6.5,7.2,1621.0,57.7,-0.3,reduce_30-55_0.8,0.8,3,1.0,0.02,7,d30_reduce_30-55_0.8_D3_R1.0_T0.02_H7,1932.0,-7.7,6.87,2704,54.0,0.952,101.65745856353593,-2.8999999999999995,-1.0
3573.7,-6.2,7.17,1621.0,57.7,-0.3,reduce_30-55_0.6,0.6,3,1.0,0.02,7,d30_reduce_30-55_0.6_D3_R1.0_T0.02_H7,1709.9,-6.9,6.83,2704,54.0,0.903,89.97106024730334,-3.6999999999999993,-1.0
3524.8,-6.1,7.14,1621.0,57.7,-0.3,reduce_30-55_0.5,0.5,3,1.0,0.02,7,d30_reduce_30-55_0.5_D3_R1.0_T0.02_H7,1606.7,-6.5,6.78,2704,54.0,0.879,84.54091028676665,-4.1,-1.0
3479.7,-5.9,7.1,1621.0,57.7,-0.3,reduce_30-55_0.4,0.4,3,1.0,0.02,7,d30_reduce_30-55_0.4_D3_R1.0_T0.02_H7,1508.6,-6.1,6.71,2704,54.0,0.855,79.37911076032623,-4.5,-1.0
3644.1,-6.4,7.22,1621.0,57.7,-0.3,reduce_25-55_0.8,0.8,3,1.0,0.02,7,d30_reduce_25-55_0.8_D3_R1.0_T0.02_H7,1853.3,-7.6,6.93,2704,54.0,0.944,97.51644304130491,-3.0,-1.0
3508.3,-6.1,7.19,1621.0,57.7,-0.3,reduce_25-55_0.6,0.6,3,1.0,0.02,7,d30_reduce_25-55_0.6_D3_R1.0_T0.02_H7,1571.0,-6.7,6.92,2704,54.0,0.888,82.66245724809261,-3.8999999999999995,-1.0
3450.6,-6.0,7.16,1621.0,57.7,-0.3,reduce_25-55_0.5,0.5,3,1.0,0.02,7,d30_reduce_25-55_0.5_D3_R1.0_T0.02_H7,1443.8,-6.2,6.87,2704,54.0,0.86,75.96948171533808,-4.3999999999999995,-1.0
3552.8,-6.3,7.19,1621.0,57.7,-0.3,reduce_25-50_0.6,0.6,3,1.0,0.02,7,d30_reduce_25-50_0.6_D3_R1.0_T0.02_H7,1666.0,-7.3,6.89,2704,54.0,0.91,87.66114180478822,-3.3,-1.0
3500.8,-6.2,7.16,1621.0,57.7,-0.3,reduce_25-50_0.5,0.5,3,1.0,0.02,7,d30_reduce_25-50_0.5_D3_R1.0_T0.02_H7,1554.8,-7.0,6.85,2704,54.0,0.887,81.81004998684557,-3.5999999999999996,-1.0
3411.9,-6.7,6.94,1621.0,53.3,-0.3,skip_30-50,0.0,3,1.0,0.02,7,d30_skip_30-50_D3_R1.0_T0.02_H7,1355.5,-8.4,6.33,2704,45.0,0.812,71.32333596421995,-2.1999999999999993,-10.0
3331.3,-5.9,6.86,1621.0,52.2,-0.3,skip_30-55,0.0,3,1.0,0.02,7,d30_skip_30-55_D3_R1.0_T0.02_H7,1162.0,-6.1,6.2,2704,42.7,0.759,61.141804788213626,-4.5,-12.299999999999997
2569.5,-16.7,5.38,1297.0,54.0,,none,1.0,3,1.5,0.03,10,dNone_none_D3_R1.5_T0.03_H10,1428.2,-22.8,4.92,2222,50.9,1.0,75.14864509339648,12.200000000000001,-4.100000000000001
2569.5,-16.7,5.38,1297.0,54.0,,reduce_30-50_1.0,1.0,3,1.5,0.03,10,dNone_reduce_30-50_1.0_D3_R1.5_T0.03_H10,1428.2,-22.8,4.92,2222,50.9,1.0,75.14864509339648,12.200000000000001,-4.100000000000001
2502.3,-16.5,5.43,1297.0,54.0,,reduce_30-50_0.8,0.8,3,1.5,0.03,10,dNone_reduce_30-50_0.8_D3_R1.5_T0.03_H10,1287.3,-22.0,5.08,2222,50.9,0.961,67.73480662983425,11.4,-4.100000000000001
2442.0,-16.2,5.47,1297.0,54.0,,reduce_30-50_0.6,0.6,3,1.5,0.03,10,dNone_reduce_30-50_0.6_D3_R1.5_T0.03_H10,1154.8,-21.2,5.19,2222,50.9,0.921,60.76295711654828,10.6,-4.100000000000001
2414.4,-16.1,5.48,1297.0,54.0,,reduce_30-50_0.5,0.5,3,1.5,0.03,10,dNone_reduce_30-50_0.5_D3_R1.5_T0.03_H10,1091.6,-20.8,5.21,2222,50.9,0.902,57.437516443041304,10.200000000000001,-4.100000000000001
2388.3,-16.0,5.48,1297.0,54.0,,reduce_30-50_0.4,0.4,3,1.5,0.03,10,dNone_reduce_30-50_0.4_D3_R1.5_T0.03_H10,1030.4,-20.5,5.21,2222,50.9,0.882,54.21731123388582,9.9,-4.100000000000001
2498.4,-16.1,5.44,1297.0,54.0,,reduce_30-55_0.8,0.8,3,1.5,0.03,10,dNone_reduce_30-55_0.8_D3_R1.5_T0.03_H10,1278.9,-20.9,5.09,2222,50.9,0.949,67.29281767955801,10.299999999999999,-4.100000000000001
2435.1,-15.5,5.48,1297.0,54.0,,reduce_30-55_0.6,0.6,3,1.5,0.03,10,dNone_reduce_30-55_0.6_D3_R1.5_T0.03_H10,1139.1,-19.1,5.21,2222,50.9,0.898,59.93685872138911,8.500000000000002,-4.100000000000001
2406.3,-15.2,5.49,1297.0,54.0,,reduce_30-55_0.5,0.5,3,1.5,0.03,10,dNone_reduce_30-55_0.5_D3_R1.5_T0.03_H10,1072.8,-18.2,5.24,2222,50.9,0.873,56.44830307813733,7.6,-4.100000000000001
2379.2,-14.9,5.49,1297.0,54.0,,reduce_30-55_0.4,0.4,3,1.5,0.03,10,dNone_reduce_30-55_0.4_D3_R1.5_T0.03_H10,1008.6,-17.3,5.25,2222,50.9,0.848,53.07024467245461,6.700000000000001,-4.100000000000001
2477.6,-16.1,5.42,1297.0,54.0,,reduce_25-55_0.8,0.8,3,1.5,0.03,10,dNone_reduce_25-55_0.8_D3_R1.5_T0.03_H10,1233.8,-20.9,5.06,2222,50.9,0.941,64.91975795843199,10.299999999999999,-4.100000000000001
2400.3,-15.5,5.45,1297.0,54.0,,reduce_25-55_0.6,0.6,3,1.5,0.03,10,dNone_reduce_25-55_0.6_D3_R1.5_T0.03_H10,1058.8,-19.1,5.15,2222,50.9,0.882,55.711654827676924,8.500000000000002,-4.100000000000001
2366.6,-15.2,5.45,1297.0,54.0,,reduce_25-55_0.5,0.5,3,1.5,0.03,10,dNone_reduce_25-55_0.5_D3_R1.5_T0.03_H10,978.1,-18.2,5.16,2222,50.9,0.852,51.46540384109445,7.6,-4.100000000000001
2406.6,-16.2,5.44,1297.0,54.0,,reduce_25-50_0.6,0.6,3,1.5,0.03,10,dNone_reduce_25-50_0.6_D3_R1.5_T0.03_H10,1073.4,-21.2,5.13,2222,50.9,0.905,56.479873717442786,10.6,-4.100000000000001
2373.7,-16.1,5.44,1297.0,54.0,,reduce_25-50_0.5,0.5,3,1.5,0.03,10,dNone_reduce_25-50_0.5_D3_R1.5_T0.03_H10,995.4,-20.8,5.13,2222,50.9,0.881,52.3756906077348,10.200000000000001,-4.100000000000001
2298.2,-15.5,5.32,1297.0,49.4,,skip_30-50,0.0,3,1.5,0.03,10,dNone_skip_30-50_D3_R1.5_T0.03_H10,804.6,-19.1,4.92,2222,41.3,0.803,42.336227308603,8.500000000000002,-13.700000000000003
2286.9,-13.7,5.33,1297.0,48.4,,skip_30-55,0.0,3,1.5,0.03,10,dNone_skip_30-55_D3_R1.5_T0.03_H10,774.2,-17.2,4.94,2222,39.3,0.746,40.736648250460405,6.6,-15.700000000000003
1746.0,-20.2,5.17,1267.0,53.2,-0.3,none,1.0,3,1.5,0.03,10,d30_none_D3_R1.5_T0.03_H10,1336.8,-20.1,4.85,2202,50.5,1.0,70.33938437253354,9.500000000000002,-4.5
1746.0,-20.2,5.17,1267.0,53.2,-0.3,reduce_30-50_1.0,1.0,3,1.5,0.03,10,d30_reduce_30-50_1.0_D3_R1.5_T0.03_H10,1336.8,-20.1,4.85,2202,50.5,1.0,70.33938437253354,9.500000000000002,-4.5
1681.8,-19.9,5.23,1267.0,53.2,-0.3,reduce_30-50_0.8,0.8,3,1.5,0.03,10,d30_reduce_30-50_0.8_D3_R1.5_T0.03_H10,1206.3,-19.3,5.01,2202,50.5,0.96,63.47277032359905,8.700000000000001,-4.5
1624.2,-19.6,5.27,1267.0,53.2,-0.3,reduce_30-50_0.6,0.6,3,1.5,0.03,10,d30_reduce_30-50_0.6_D3_R1.5_T0.03_H10,1083.3,-18.5,5.12,2202,50.5,0.921,57.00078926598263,7.9,-4.5
1597.6,-19.5,5.28,1267.0,53.2,-0.3,reduce_30-50_0.5,0.5,3,1.5,0.03,10,d30_reduce_30-50_0.5_D3_R1.5_T0.03_H10,1024.5,-18.1,5.15,2202,50.5,0.901,53.90686661404893,7.500000000000002,-4.5
1572.6,-19.4,5.28,1267.0,53.2,-0.3,reduce_30-50_0.4,0.4,3,1.5,0.03,10,d30_reduce_30-50_0.4_D3_R1.5_T0.03_H10,967.5,-17.8,5.16,2202,50.5,0.881,50.90765588003157,7.200000000000001,-4.5
1676.6,-19.7,5.23,1267.0,53.2,-0.3,reduce_30-55_0.8,0.8,3,1.5,0.03,10,d30_reduce_30-55_0.8_D3_R1.5_T0.03_H10,1195.4,-18.8,5.02,2202,50.5,0.949,62.89923704288346,8.200000000000001,-4.5
1615.0,-19.3,5.27,1267.0,53.2,-0.3,reduce_30-55_0.6,0.6,3,1.5,0.03,10,d30_reduce_30-55_0.6_D3_R1.5_T0.03_H10,1063.2,-17.5,5.14,2202,50.5,0.898,55.9431728492502,6.9,-4.5
1587.0,-19.1,5.28,1267.0,53.2,-0.3,reduce_30-55_0.5,0.5,3,1.5,0.03,10,d30_reduce_30-55_0.5_D3_R1.5_T0.03_H10,1000.5,-17.2,5.17,2202,50.5,0.873,52.6440410418311,6.6,-4.5
1560.7,-18.9,5.28,1267.0,53.2,-0.3,reduce_30-55_0.4,0.4,3,1.5,0.03,10,d30_reduce_30-55_0.4_D3_R1.5_T0.03_H10,939.9,-17.2,5.18,2202,50.5,0.847,49.45540647198106,6.6,-4.5
1656.5,-19.7,5.21,1267.0,53.2,-0.3,reduce_25-55_0.8,0.8,3,1.5,0.03,10,d30_reduce_25-55_0.8_D3_R1.5_T0.03_H10,1153.1,-18.8,4.99,2202,50.5,0.941,60.67350697184951,8.200000000000001,-4.5
1581.4,-19.3,5.24,1267.0,53.2,-0.3,reduce_25-55_0.6,0.6,3,1.5,0.03,10,d30_reduce_25-55_0.6_D3_R1.5_T0.03_H10,987.8,-17.5,5.08,2202,50.5,0.882,51.97579584319916,6.9,-4.5
1548.7,-19.1,5.24,1267.0,53.2,-0.3,reduce_25-55_0.5,0.5,3,1.5,0.03,10,d30_reduce_25-55_0.5_D3_R1.5_T0.03_H10,911.7,-17.2,5.09,2202,50.5,0.852,47.9715864246251,6.6,-4.5
1589.7,-19.6,5.24,1267.0,53.2,-0.3,reduce_25-50_0.6,0.6,3,1.5,0.03,10,d30_reduce_25-50_0.6_D3_R1.5_T0.03_H10,1006.5,-18.5,5.07,2202,50.5,0.904,52.95974743488555,7.9,-4.5
1558.0,-19.5,5.23,1267.0,53.2,-0.3,reduce_25-50_0.5,0.5,3,1.5,0.03,10,d30_reduce_25-50_0.5_D3_R1.5_T0.03_H10,933.7,-18.1,5.07,2202,50.5,0.88,49.129176532491456,7.500000000000002,-4.5
1485.8,-18.9,5.13,1267.0,48.6,-0.3,skip_30-50,0.0,3,1.5,0.03,10,d30_skip_30-50_D3_R1.5_T0.03_H10,756.8,-17.2,4.87,2202,41.0,0.802,39.82109971060247,6.6,-14.0
1471.1,-18.0,5.12,1267.0,47.6,-0.3,skip_30-55,0.0,3,1.5,0.03,10,d30_skip_30-55_D3_R1.5_T0.03_H10,718.7,-17.2,4.86,2202,39.0,0.746,37.81636411470666,6.6,-16.0
5907.3,-15.2,6.02,1649.0,53.2,,none,1.0,3,1.0,0.03,10,dNone_none_D3_R1.0_T0.03_H10,2369.2,-19.4,5.48,2724,50.7,1.0,124.66193107077083,8.799999999999999,-4.299999999999997
5907.3,-15.2,6.02,1649.0,53.2,,reduce_30-50_1.0,1.0,3,1.0,0.03,10,dNone_reduce_30-50_1.0_D3_R1.0_T0.03_H10,2369.2,-19.4,5.48,2724,50.7,1.0,124.66193107077083,8.799999999999999,-4.299999999999997
5767.4,-15.0,6.07,1649.0,53.2,,reduce_30-50_0.8,0.8,3,1.0,0.03,10,dNone_reduce_30-50_0.8_D3_R1.0_T0.03_H10,2118.2,-19.4,5.65,2724,50.7,0.963,111.45488029465929,8.799999999999999,-4.299999999999997
5644.2,-14.8,6.11,1649.0,53.2,,reduce_30-50_0.6,0.6,3,1.0,0.03,10,dNone_reduce_30-50_0.6_D3_R1.0_T0.03_H10,1884.6,-19.4,5.77,2724,50.7,0.925,99.16337805840568,8.799999999999999,-4.299999999999997
5588.3,-14.7,6.12,1649.0,53.2,,reduce_30-50_0.5,0.5,3,1.0,0.03,10,dNone_reduce_30-50_0.5_D3_R1.0_T0.03_H10,1774.2,-19.4,5.8,2724,50.7,0.907,93.35438042620363,8.799999999999999,-4.299999999999997
5536.1,-14.6,6.11,1649.0,53.2,,reduce_30-50_0.4,0.4,3,1.0,0.03,10,dNone_reduce_30-50_0.4_D3_R1.0_T0.03_H10,1668.0,-19.4,5.8,2724,50.7,0.888,87.7663772691397,8.799999999999999,-4.299999999999997
5736.7,-14.6,6.08,1649.0,53.2,,reduce_30-55_0.8,0.8,3,1.0,0.03,10,dNone_reduce_30-55_0.8_D3_R1.0_T0.03_H10,2061.1,-19.4,5.67,2724,50.7,0.952,108.45040778742437,8.799999999999999,-4.299999999999997
5592.4,-14.0,6.11,1649.0,53.2,,reduce_30-55_0.6,0.6,3,1.0,0.03,10,dNone_reduce_30-55_0.6_D3_R1.0_T0.03_H10,1782.4,-19.4,5.79,2724,50.7,0.904,93.78584583004474,8.799999999999999,-4.299999999999997
5529.1,-13.7,6.12,1649.0,53.2,,reduce_30-55_0.5,0.5,3,1.0,0.03,10,dNone_reduce_30-55_0.5_D3_R1.0_T0.03_H10,1653.4,-19.4,5.82,2724,50.7,0.88,86.99815837937386,8.799999999999999,-4.299999999999997
5471.1,-13.5,6.11,1649.0,53.2,,reduce_30-55_0.4,0.4,3,1.0,0.03,10,dNone_reduce_30-55_0.4_D3_R1.0_T0.03_H10,1531.1,-19.4,5.81,2724,50.7,0.856,80.56300973428044,8.799999999999999,-4.299999999999997
5689.3,-14.6,6.07,1649.0,53.2,,reduce_25-55_0.8,0.8,3,1.0,0.03,10,dNone_reduce_25-55_0.8_D3_R1.0_T0.03_H10,1971.7,-19.4,5.67,2724,50.7,0.944,103.74638253091292,8.799999999999999,-4.299999999999997
5516.9,-14.0,6.1,1649.0,53.2,,reduce_25-55_0.6,0.6,3,1.0,0.03,10,dNone_reduce_25-55_0.6_D3_R1.0_T0.03_H10,1628.1,-19.4,5.78,2724,50.7,0.889,85.66692975532753,8.799999999999999,-4.299999999999997
5445.1,-13.8,6.1,1649.0,53.2,,reduce_25-55_0.5,0.5,3,1.0,0.03,10,dNone_reduce_25-55_0.5_D3_R1.0_T0.03_H10,1474.8,-19.4,5.8,2724,50.7,0.861,77.6006314127861,8.799999999999999,-4.299999999999997
5562.5,-14.8,6.1,1649.0,53.2,,reduce_25-50_0.6,0.6,3,1.0,0.03,10,dNone_reduce_25-50_0.6_D3_R1.0_T0.03_H10,1722.0,-19.4,5.76,2724,50.7,0.91,90.60773480662984,8.799999999999999,-4.299999999999997
5495.6,-14.7,6.1,1649.0,53.2,,reduce_25-50_0.5,0.5,3,1.0,0.03,10,dNone_reduce_25-50_0.5_D3_R1.0_T0.03_H10,1583.3,-19.4,5.77,2724,50.7,0.888,83.30965535385425,8.799999999999999,-4.299999999999997
5359.8,-14.2,5.95,1649.0,48.9,,skip_30-50,0.0,3,1.0,0.03,10,dNone_skip_30-50_D3_R1.0_T0.03_H10,1282.2,-19.4,5.48,2724,41.9,0.814,67.46645619573796,8.799999999999999,-13.100000000000001
5285.7,-12.4,5.9,1649.0,47.8,,skip_30-55,0.0,3,1.0,0.03,10,dNone_skip_30-55_D3_R1.0_T0.03_H10,1103.4,-19.4,5.4,2724,39.7,0.76,58.058405682715076,8.799999999999999,-15.299999999999997
4289.7,-17.5,5.78,1621.0,52.4,-0.3,none,1.0,3,1.0,0.03,10,d30_none_D3_R1.0_T0.03_H10,2121.3,-19.4,5.37,2704,50.4,1.0,111.61799526440413,8.799999999999999,-4.600000000000001
4289.7,-17.5,5.78,1621.0,52.4,-0.3,reduce_30-50_1.0,1.0,3,1.0,0.03,10,d30_reduce_30-50_1.0_D3_R1.0_T0.03_H10,2121.3,-19.4,5.37,2704,50.4,1.0,111.61799526440413,8.799999999999999,-4.600000000000001
4165.4,-17.3,5.84,1621.0,52.4,-0.3,reduce_30-50_0.8,0.8,3,1.0,0.03,10,d30_reduce_30-50_0.8_D3_R1.0_T0.03_H10,1898.1,-19.4,5.54,2704,50.4,0.962,99.87371744277822,8.799999999999999,-4.600000000000001
4055.6,-17.1,5.88,1621.0,52.4,-0.3,reduce_30-50_0.6,0.6,3,1.0,0.03,10,d30_reduce_30-50_0.6_D3_R1.0_T0.03_H10,1690.1,-19.4,5.66,2704,50.4,0.925,88.92922915022362,8.799999999999999,-4.600000000000001
4005.7,-17.0,5.88,1621.0,52.4,-0.3,reduce_30-50_0.5,0.5,3,1.0,0.03,10,d30_reduce_30-50_0.5_D3_R1.0_T0.03_H10,1591.6,-19.4,5.69,2704,50.4,0.906,83.74638253091291,8.799999999999999,-4.600000000000001
3959.1,-16.9,5.88,1621.0,52.4,-0.3,reduce_30-50_0.4,0.4,3,1.0,0.03,10,d30_reduce_30-50_0.4_D3_R1.0_T0.03_H10,1496.7,-19.4,5.69,2704,50.4,0.887,78.75295974743489,8.799999999999999,-4.600000000000001
4135.3,-17.1,5.84,1621.0,52.4,-0.3,reduce_30-55_0.8,0.8,3,1.0,0.03,10,d30_reduce_30-55_0.8_D3_R1.0_T0.03_H10,1842.3,-19.4,5.55,2704,50.4,0.952,96.93764798737175,8.799999999999999,-4.600000000000001
4005.0,-16.7,5.87,1621.0,52.4,-0.3,reduce_30-55_0.6,0.6,3,1.0,0.03,10,d30_reduce_30-55_0.6_D3_R1.0_T0.03_H10,1590.2,-19.4,5.67,2704,50.4,0.903,83.67271770586689,8.799999999999999,-4.600000000000001
3947.9,-16.5,5.88,1621.0,52.4,-0.3,reduce_30-55_0.5,0.5,3,1.0,0.03,10,d30_reduce_30-55_0.5_D3_R1.0_T0.03_H10,1473.6,-19.4,5.69,2704,50.4,0.879,77.53749013417521,8.799999999999999,-4.600000000000001
3895.7,-16.3,5.87,1621.0,52.4,-0.3,reduce_30-55_0.4,0.4,3,1.0,0.03,10,d30_reduce_30-55_0.4_D3_R1.0_T0.03_H10,1363.2,-19.4,5.69,2704,50.4,0.855,71.72849250197316,8.799999999999999,-4.600000000000001
4092.8,-17.1,5.83,1621.0,52.4,-0.3,reduce_25-55_0.8,0.8,3,1.0,0.03,10,d30_reduce_25-55_0.8_D3_R1.0_T0.03_H10,1761.9,-19.4,5.54,2704,50.4,0.944,92.707182320442,8.799999999999999,-4.600000000000001
3937.4,-16.7,5.86,1621.0,52.4,-0.3,reduce_25-55_0.6,0.6,3,1.0,0.03,10,d30_reduce_25-55_0.6_D3_R1.0_T0.03_H10,1451.7,-19.4,5.66,2704,50.4,0.888,76.38516179952644,8.799999999999999,-4.600000000000001
3872.7,-16.5,5.86,1621.0,52.4,-0.3,reduce_25-55_0.5,0.5,3,1.0,0.03,10,d30_reduce_25-55_0.5_D3_R1.0_T0.03_H10,1313.3,-19.4,5.68,2704,50.4,0.86,69.10286766640358,8.799999999999999,-4.600000000000001
3981.9,-17.1,5.86,1621.0,52.4,-0.3,reduce_25-50_0.6,0.6,3,1.0,0.03,10,d30_reduce_25-50_0.6_D3_R1.0_T0.03_H10,1543.4,-19.4,5.64,2704,50.4,0.91,81.2102078400421,8.799999999999999,-4.600000000000001
3921.9,-17.0,5.86,1621.0,52.4,-0.3,reduce_25-50_0.5,0.5,3,1.0,0.03,10,d30_reduce_25-50_0.5_D3_R1.0_T0.03_H10,1419.3,-19.4,5.66,2704,50.4,0.887,74.68034727703235,8.799999999999999,-4.600000000000001
3801.0,-16.5,5.72,1621.0,48.1,-0.3,skip_30-50,0.0,3,1.0,0.03,10,d30_skip_30-50_D3_R1.0_T0.03_H10,1151.6,-19.4,5.38,2704,41.6,0.812,60.59458037358589,8.799999999999999,-13.399999999999999
3728.9,-15.6,5.66,1621.0,47.0,-0.3,skip_30-55,0.0,3,1.0,0.03,10,d30_skip_30-55_D3_R1.0_T0.03_H10,977.5,-19.4,5.27,2704,39.4,0.759,51.433833201789,8.799999999999999,-15.600000000000001
